ean,name,full_name,shelf_key,shelf_name,position,source_sheet,image_url,image_local,package_status,notes
4306517597832,Flair str 1,,flair,Flair,1,Flair_str_1,,fotki/placeholdery/4306517597832.jpg,miniatura_robocza,
4306517597856,Flair str 1,,flair,Flair,2,Flair_str_1,,fotki/placeholdery/4306517597856.jpg,miniatura_robocza,
4306517604998,Flair str 1,,flair,Flair,3,Flair_str_1,,fotki/placeholdery/4306517604998.jpg,miniatura_robocza,
4306517598150,Flair str 1,,flair,Flair,4,Flair_str_1,,fotki/placeholdery/4306517598150.jpg,miniatura_robocza,
4306517598174,Flair str 1,,flair,Flair,5,Flair_str_1,,fotki/placeholdery/4306517598174.jpg,miniatura_robocza,
4306517598198,Flair str 1,,flair,Flair,6,Flair_str_1,,fotki/placeholdery/4306517598198.jpg,miniatura_robocza,
4306517598235,Flair str 1,,flair,Flair,7,Flair_str_1,,fotki/placeholdery/4306517598235.jpg,miniatura_robocza,
4306517598259,Flair str 1,,flair,Flair,8,Flair_str_1,,fotki/placeholdery/4306517598259.jpg,miniatura_robocza,
4306517598211,Flair str 1,,flair,Flair,9,Flair_str_1,,fotki/placeholdery/4306517598211.jpg,miniatura_robocza,
4306517598051,Flair str 1,,flair,Flair,10,Flair_str_1,,fotki/placeholdery/4306517598051.jpg,miniatura_robocza,
4306517598082,Flair str 1,,flair,Flair,11,Flair_str_1,,fotki/placeholdery/4306517598082.jpg,miniatura_robocza,
4306517598099,Flair str 1,,flair,Flair,12,Flair_str_1,,fotki/placeholdery/4306517598099.jpg,miniatura_robocza,
4306516560387,Flair str 1,,flair,Flair,13,Flair_str_1,,fotki/placeholdery/4306516560387.jpg,miniatura_robocza,
4306516560387,Flair str 1,,flair,Flair,14,Flair_str_1,,fotki/placeholdery/4306516560387.jpg,miniatura_robocza,
4306516560400,Flair str 1,,flair,Flair,15,Flair_str_1,,fotki/placeholdery/4306516560400.jpg,miniatura_robocza,
4306516560400,Flair str 1,,flair,Flair,16,Flair_str_1,,fotki/placeholdery/4306516560400.jpg,miniatura_robocza,
4306516560400,Flair str 1,,flair,Flair,17,Flair_str_1,,fotki/placeholdery/4306516560400.jpg,miniatura_robocza,
4306516560394,Flair str 1,,flair,Flair,18,Flair_str_1,,fotki/placeholdery/4306516560394.jpg,miniatura_robocza,
4306516560394,Flair str 1,,flair,Flair,19,Flair_str_1,,fotki/placeholdery/4306516560394.jpg,miniatura_robocza,
4306517597931,Flair str 1,,flair,Flair,20,Flair_str_1,,fotki/placeholdery/4306517597931.jpg,miniatura_robocza,
4306517597979,Flair str 1,,flair,Flair,21,Flair_str_1,,fotki/placeholdery/4306517597979.jpg,miniatura_robocza,
4306517597993,Flair str 1,,flair,Flair,22,Flair_str_1,,fotki/placeholdery/4306517597993.jpg,miniatura_robocza,
4306517598013,Flair str 1,,flair,Flair,23,Flair_str_1,,fotki/placeholdery/4306517598013.jpg,miniatura_robocza,
4306517598037,Flair str 1,,flair,Flair,24,Flair_str_1,,fotki/placeholdery/4306517598037.jpg,miniatura_robocza,
4306517597870,Flair str 1,,flair,Flair,25,Flair_str_1,,fotki/placeholdery/4306517597870.jpg,miniatura_robocza,
4306517597894,Flair str 1,,flair,Flair,26,Flair_str_1,,fotki/placeholdery/4306517597894.jpg,miniatura_robocza,
4306517597917,Flair str 1,,flair,Flair,27,Flair_str_1,,fotki/placeholdery/4306517597917.jpg,miniatura_robocza,
4306517598358,Flair str 1,,flair,Flair,28,Flair_str_1,,fotki/placeholdery/4306517598358.jpg,miniatura_robocza,
4306517598372,Flair str 1,,flair,Flair,29,Flair_str_1,,fotki/placeholdery/4306517598372.jpg,miniatura_robocza,
4306517598341,Flair str 1,,flair,Flair,30,Flair_str_1,,fotki/placeholdery/4306517598341.jpg,miniatura_robocza,
4306517598334,Flair str 1,,flair,Flair,31,Flair_str_1,,fotki/placeholdery/4306517598334.jpg,miniatura_robocza,
4306517598136,Flair str 1,,flair,Flair,32,Flair_str_1,,fotki/placeholdery/4306517598136.jpg,miniatura_robocza,
4306517598112,Flair str 1,,flair,Flair,33,Flair_str_1,,fotki/placeholdery/4306517598112.jpg,miniatura_robocza,
4306516560417,Flair str 1,,flair,Flair,34,Flair_str_1,,fotki/placeholdery/4306516560417.jpg,miniatura_robocza,
4306516560417,Flair str 1,,flair,Flair,35,Flair_str_1,,fotki/placeholdery/4306516560417.jpg,miniatura_robocza,
4306516560417,Flair str 1,,flair,Flair,36,Flair_str_1,,fotki/placeholdery/4306516560417.jpg,miniatura_robocza,
4306516560424,Flair str 1,,flair,Flair,37,Flair_str_1,,fotki/placeholdery/4306516560424.jpg,miniatura_robocza,
4306516560424,Flair str 1,,flair,Flair,38,Flair_str_1,,fotki/placeholdery/4306516560424.jpg,miniatura_robocza,
4306516560424,Flair str 1,,flair,Flair,39,Flair_str_1,,fotki/placeholdery/4306516560424.jpg,miniatura_robocza,
4306516560431,Flair str 1,,flair,Flair,40,Flair_str_1,,fotki/placeholdery/4306516560431.jpg,miniatura_robocza,
4306516560707,Flair str 1,,flair,Flair,41,Flair_str_1,,fotki/placeholdery/4306516560707.jpg,miniatura_robocza,
4306517603564,Flair str 2,,flair,Flair,42,Flair_str_2,,fotki/placeholdery/4306517603564.jpg,miniatura_robocza,
4306517603571,Flair str 2,,flair,Flair,43,Flair_str_2,,fotki/placeholdery/4306517603571.jpg,miniatura_robocza,
4306517603588,Flair str 2,,flair,Flair,44,Flair_str_2,,fotki/placeholdery/4306517603588.jpg,miniatura_robocza,
4306517603595,Flair str 2,,flair,Flair,45,Flair_str_2,,fotki/placeholdery/4306517603595.jpg,miniatura_robocza,
4306517603540,Flair str 2,,flair,Flair,46,Flair_str_2,,fotki/placeholdery/4306517603540.jpg,miniatura_robocza,
4306517603557,Flair str 2,,flair,Flair,47,Flair_str_2,,fotki/placeholdery/4306517603557.jpg,miniatura_robocza,
4306517603601,Flair str 2,,flair,Flair,48,Flair_str_2,,fotki/placeholdery/4306517603601.jpg,miniatura_robocza,
4306517603618,Flair str 2,,flair,Flair,49,Flair_str_2,,fotki/placeholdery/4306517603618.jpg,miniatura_robocza,
4306517603625,Flair str 2,,flair,Flair,50,Flair_str_2,,fotki/placeholdery/4306517603625.jpg,miniatura_robocza,
4306517603625,Flair str 2,,flair,Flair,51,Flair_str_2,,fotki/placeholdery/4306517603625.jpg,miniatura_robocza,
4306517603823,Flair str 2,,flair,Flair,52,Flair_str_2,,fotki/placeholdery/4306517603823.jpg,miniatura_robocza,
4306517603847,Flair str 2,,flair,Flair,53,Flair_str_2,,fotki/placeholdery/4306517603847.jpg,miniatura_robocza,
4306517603854,Flair str 2,,flair,Flair,54,Flair_str_2,,fotki/placeholdery/4306517603854.jpg,miniatura_robocza,
4306517603861,Flair str 2,,flair,Flair,55,Flair_str_2,,fotki/placeholdery/4306517603861.jpg,miniatura_robocza,
4306517603649,Flair str 2,,flair,Flair,56,Flair_str_2,,fotki/placeholdery/4306517603649.jpg,miniatura_robocza,
4306517603663,Flair str 2,,flair,Flair,57,Flair_str_2,,fotki/placeholdery/4306517603663.jpg,miniatura_robocza,
4306517603687,Flair str 2,,flair,Flair,58,Flair_str_2,,fotki/placeholdery/4306517603687.jpg,miniatura_robocza,
4306517603960,Flair str 2,,flair,Flair,59,Flair_str_2,,fotki/placeholdery/4306517603960.jpg,miniatura_robocza,
4306517603977,Flair str 2,,flair,Flair,60,Flair_str_2,,fotki/placeholdery/4306517603977.jpg,miniatura_robocza,
4306517604004,Flair str 2,,flair,Flair,61,Flair_str_2,,fotki/placeholdery/4306517604004.jpg,miniatura_robocza,
4306517604011,Flair str 2,,flair,Flair,62,Flair_str_2,,fotki/placeholdery/4306517604011.jpg,miniatura_robocza,
4306517603984,Flair str 2,,flair,Flair,63,Flair_str_2,,fotki/placeholdery/4306517603984.jpg,miniatura_robocza,
4306517603885,Flair str 2,,flair,Flair,64,Flair_str_2,,fotki/placeholdery/4306517603885.jpg,miniatura_robocza,
4306517603908,Flair str 2,,flair,Flair,65,Flair_str_2,,fotki/placeholdery/4306517603908.jpg,miniatura_robocza,
4306517603786,Flair str 2,,flair,Flair,66,Flair_str_2,,fotki/placeholdery/4306517603786.jpg,miniatura_robocza,
4306517603809,Flair str 2,,flair,Flair,67,Flair_str_2,,fotki/placeholdery/4306517603809.jpg,miniatura_robocza,
4306517603700,Flair str 2,,flair,Flair,68,Flair_str_2,,fotki/placeholdery/4306517603700.jpg,miniatura_robocza,
4306517603717,Flair str 2,,flair,Flair,69,Flair_str_2,,fotki/placeholdery/4306517603717.jpg,miniatura_robocza,
4306517603724,Flair str 2,,flair,Flair,70,Flair_str_2,,fotki/placeholdery/4306517603724.jpg,miniatura_robocza,
4306517603724,Flair str 2,,flair,Flair,71,Flair_str_2,,fotki/placeholdery/4306517603724.jpg,miniatura_robocza,
4306517603731,Flair str 2,,flair,Flair,72,Flair_str_2,,fotki/placeholdery/4306517603731.jpg,miniatura_robocza,
4306517603748,Flair str 2,,flair,Flair,73,Flair_str_2,,fotki/placeholdery/4306517603748.jpg,miniatura_robocza,
4306517603779,Flair str 2,,flair,Flair,74,Flair_str_2,,fotki/placeholdery/4306517603779.jpg,miniatura_robocza,
4306517603922,Flair str 2,,flair,Flair,75,Flair_str_2,,fotki/placeholdery/4306517603922.jpg,miniatura_robocza,
4306517673946,Flair str 2,,flair,Flair,76,Flair_str_2,,fotki/placeholdery/4306517673946.jpg,miniatura_robocza,
4306517679514,Flair str 2,,flair,Flair,77,Flair_str_2,,fotki/placeholdery/4306517679514.jpg,miniatura_robocza,
4306517279521,Flair str 2,,flair,Flair,78,Flair_str_2,,fotki/placeholdery/4306517279521.jpg,miniatura_robocza,
4306517679538,Flair str 2,,flair,Flair,79,Flair_str_2,,fotki/placeholdery/4306517679538.jpg,miniatura_robocza,
4306517679491,Flair str 2,,flair,Flair,80,Flair_str_2,,fotki/placeholdery/4306517679491.jpg,miniatura_robocza,
4306517689507,Flair str 2,,flair,Flair,81,Flair_str_2,,fotki/placeholdery/4306517689507.jpg,miniatura_robocza,
4306514680367,Flair str 2,,flair,Flair,82,Flair_str_2,,fotki/placeholdery/4306514680367.jpg,miniatura_robocza,
4306517680381,Flair str 2,,flair,Flair,83,Flair_str_2,,fotki/placeholdery/4306517680381.jpg,miniatura_robocza,
4306517680404,Flair str 2,,flair,Flair,84,Flair_str_2,,fotki/placeholdery/4306517680404.jpg,miniatura_robocza,
4306517680428,Flair str 2,,flair,Flair,85,Flair_str_2,,fotki/placeholdery/4306517680428.jpg,miniatura_robocza,
4306517680442,Flair str 2,,flair,Flair,86,Flair_str_2,,fotki/placeholdery/4306517680442.jpg,miniatura_robocza,
8720169309548,Jarzeniowki str 1,,jarzeniowki,Jarzeniówki,1,Jarzeniowki_str_1,,fotki/placeholdery/8720169309548.jpg,miniatura_robocza,
8720169254565,Jarzeniowki str 1,,jarzeniowki,Jarzeniówki,2,Jarzeniowki_str_1,,fotki/placeholdery/8720169254565.jpg,miniatura_robocza,
8720169309586,Jarzeniowki str 1,,jarzeniowki,Jarzeniówki,3,Jarzeniowki_str_1,,fotki/placeholdery/8720169309586.jpg,miniatura_robocza,
8720169254602,Jarzeniowki str 1,,jarzeniowki,Jarzeniówki,4,Jarzeniowki_str_1,,fotki/placeholdery/8720169254602.jpg,miniatura_robocza,
8720169309562,Jarzeniowki str 1,,jarzeniowki,Jarzeniówki,5,Jarzeniowki_str_1,,fotki/placeholdery/8720169309562.jpg,miniatura_robocza,
8720169254589,Jarzeniowki str 1,,jarzeniowki,Jarzeniówki,6,Jarzeniowki_str_1,,fotki/placeholdery/8720169254589.jpg,miniatura_robocza,
8720169309609,Jarzeniowki str 1,,jarzeniowki,Jarzeniówki,7,Jarzeniowki_str_1,,fotki/placeholdery/8720169309609.jpg,miniatura_robocza,
8720169254626,Jarzeniowki str 1,,jarzeniowki,Jarzeniówki,8,Jarzeniowki_str_1,,fotki/placeholdery/8720169254626.jpg,miniatura_robocza,
5410288302393,Jarzeniowki str 1,,jarzeniowki,Jarzeniówki,9,Jarzeniowki_str_1,,fotki/placeholdery/5410288302393.jpg,miniatura_robocza,
5410288302977,Jarzeniowki str 1,,jarzeniowki,Jarzeniówki,10,Jarzeniowki_str_1,,fotki/placeholdery/5410288302977.jpg,miniatura_robocza,
4306517604417,Jarzeniowki str 1,,jarzeniowki,Jarzeniówki,11,Jarzeniowki_str_1,,fotki/placeholdery/4306517604417.jpg,miniatura_robocza,
4306517604455,Jarzeniowki str 1,,jarzeniowki,Jarzeniówki,12,Jarzeniowki_str_1,,fotki/placeholdery/4306517604455.jpg,miniatura_robocza,
4306517604493,Jarzeniowki str 1,,jarzeniowki,Jarzeniówki,13,Jarzeniowki_str_1,,fotki/placeholdery/4306517604493.jpg,miniatura_robocza,
4306517604431,Jarzeniowki str 1,,jarzeniowki,Jarzeniówki,14,Jarzeniowki_str_1,,fotki/placeholdery/4306517604431.jpg,miniatura_robocza,
4306517604479,Jarzeniowki str 1,,jarzeniowki,Jarzeniówki,15,Jarzeniowki_str_1,,fotki/placeholdery/4306517604479.jpg,miniatura_robocza,
5410288304516,Jarzeniowki str 1,,jarzeniowki,Jarzeniówki,16,Jarzeniowki_str_1,,fotki/placeholdery/5410288304516.jpg,miniatura_robocza,
5410288302731,Jarzeniowki str 1,,jarzeniowki,Jarzeniówki,17,Jarzeniowki_str_1,,fotki/placeholdery/5410288302731.jpg,miniatura_robocza,
5410288292755,Jarzeniowki str 1,,jarzeniowki,Jarzeniówki,18,Jarzeniowki_str_1,,fotki/placeholdery/5410288292755.jpg,miniatura_robocza,
5410288292779,Jarzeniowki str 1,,jarzeniowki,Jarzeniówki,19,Jarzeniowki_str_1,,fotki/placeholdery/5410288292779.jpg,miniatura_robocza,
5410288292748,Jarzeniowki str 1,,jarzeniowki,Jarzeniówki,20,Jarzeniowki_str_1,,fotki/placeholdery/5410288292748.jpg,miniatura_robocza,
5410288282762,Jarzeniowki str 1,,jarzeniowki,Jarzeniówki,21,Jarzeniowki_str_1,,fotki/placeholdery/5410288282762.jpg,miniatura_robocza,
5410288282786,Jarzeniowki str 1,,jarzeniowki,Jarzeniówki,22,Jarzeniowki_str_1,,fotki/placeholdery/5410288282786.jpg,miniatura_robocza,
8720169309500,Jarzeniowki str 2,,jarzeniowki,Jarzeniówki,23,Jarzeniowki_str_2,,fotki/placeholdery/8720169309500.jpg,miniatura_robocza,
8720169309524,Jarzeniowki str 2,,jarzeniowki,Jarzeniówki,24,Jarzeniowki_str_2,,fotki/placeholdery/8720169309524.jpg,miniatura_robocza,
5410288302362,Jarzeniowki str 2,,jarzeniowki,Jarzeniówki,25,Jarzeniowki_str_2,,fotki/placeholdery/5410288302362.jpg,miniatura_robocza,
5410288302850,Jarzeniowki str 2,,jarzeniowki,Jarzeniówki,26,Jarzeniowki_str_2,,fotki/placeholdery/5410288302850.jpg,miniatura_robocza,
5410288302560,Jarzeniowki str 2,,jarzeniowki,Jarzeniówki,27,Jarzeniowki_str_2,,fotki/placeholdery/5410288302560.jpg,miniatura_robocza,
5410288302867,Jarzeniowki str 2,,jarzeniowki,Jarzeniówki,28,Jarzeniowki_str_2,,fotki/placeholdery/5410288302867.jpg,miniatura_robocza,
5410288302201,Jarzeniowki str 2,,jarzeniowki,Jarzeniówki,29,Jarzeniowki_str_2,,fotki/placeholdery/5410288302201.jpg,miniatura_robocza,
5410288302218,Jarzeniowki str 2,,jarzeniowki,Jarzeniówki,30,Jarzeniowki_str_2,,fotki/placeholdery/5410288302218.jpg,miniatura_robocza,
8720169287525,Jarzeniowki str 2,,jarzeniowki,Jarzeniówki,31,Jarzeniowki_str_2,,fotki/placeholdery/8720169287525.jpg,miniatura_robocza,
8718895541296,Jarzeniowki str 2,,jarzeniowki,Jarzeniówki,32,Jarzeniowki_str_2,,fotki/placeholdery/8718895541296.jpg,miniatura_robocza,
5410288302256,Jarzeniowki str 2,,jarzeniowki,Jarzeniówki,33,Jarzeniowki_str_2,,fotki/placeholdery/5410288302256.jpg,miniatura_robocza,
5410288302249,Jarzeniowki str 2,,jarzeniowki,Jarzeniówki,34,Jarzeniowki_str_2,,fotki/placeholdery/5410288302249.jpg,miniatura_robocza,
5410288302232,Jarzeniowki str 2,,jarzeniowki,Jarzeniówki,35,Jarzeniowki_str_2,,fotki/placeholdery/5410288302232.jpg,miniatura_robocza,
5410288302263,Jarzeniowki str 2,,jarzeniowki,Jarzeniówki,36,Jarzeniowki_str_2,,fotki/placeholdery/5410288302263.jpg,miniatura_robocza,
5410288302270,Jarzeniowki str 2,,jarzeniowki,Jarzeniówki,37,Jarzeniowki_str_2,,fotki/placeholdery/5410288302270.jpg,miniatura_robocza,
5410288302287,Jarzeniowki str 2,,jarzeniowki,Jarzeniówki,38,Jarzeniowki_str_2,,fotki/placeholdery/5410288302287.jpg,miniatura_robocza,
4306517626310,Jarzeniowki str 2,,jarzeniowki,Jarzeniówki,39,Jarzeniowki_str_2,,fotki/placeholdery/4306517626310.jpg,miniatura_robocza,
4306517626341,Jarzeniowki str 2,,jarzeniowki,Jarzeniówki,40,Jarzeniowki_str_2,,fotki/placeholdery/4306517626341.jpg,miniatura_robocza,
4306517626327,Jarzeniowki str 2,,jarzeniowki,Jarzeniówki,41,Jarzeniowki_str_2,,fotki/placeholdery/4306517626327.jpg,miniatura_robocza,
4306517626334,Jarzeniowki str 2,,jarzeniowki,Jarzeniówki,42,Jarzeniowki_str_2,,fotki/placeholdery/4306517626334.jpg,miniatura_robocza,
8720169309623,Jarzeniowki str 2,,jarzeniowki,Jarzeniówki,43,Jarzeniowki_str_2,,fotki/placeholdery/8720169309623.jpg,miniatura_robocza,
8720169309647,Jarzeniowki str 2,,jarzeniowki,Jarzeniówki,44,Jarzeniowki_str_2,,fotki/placeholdery/8720169309647.jpg,miniatura_robocza,
8720169308862,Jarzeniowki str 2,,jarzeniowki,Jarzeniówki,45,Jarzeniowki_str_2,,fotki/placeholdery/8720169308862.jpg,miniatura_robocza,
8720169308909,Jarzeniowki str 2,,jarzeniowki,Jarzeniówki,46,Jarzeniowki_str_2,,fotki/placeholdery/8720169308909.jpg,miniatura_robocza,
8720169308886,Jarzeniowki str 2,,jarzeniowki,Jarzeniówki,47,Jarzeniowki_str_2,,fotki/placeholdery/8720169308886.jpg,miniatura_robocza,
8720169308923,Jarzeniowki str 2,,jarzeniowki,Jarzeniówki,48,Jarzeniowki_str_2,,fotki/placeholdery/8720169308923.jpg,miniatura_robocza,
4058075822403,Jarzeniowki str 2,,jarzeniowki,Jarzeniówki,49,Jarzeniowki_str_2,,fotki/placeholdery/4058075822403.jpg,miniatura_robocza,
4058075822427,Jarzeniowki str 2,,jarzeniowki,Jarzeniówki,50,Jarzeniowki_str_2,,fotki/placeholdery/4058075822427.jpg,miniatura_robocza,
4058075823655,Jarzeniowki str 2,,jarzeniowki,Jarzeniówki,51,Jarzeniowki_str_2,,fotki/placeholdery/4058075823655.jpg,miniatura_robocza,
4058075823679,Jarzeniowki str 2,,jarzeniowki,Jarzeniówki,52,Jarzeniowki_str_2,,fotki/placeholdery/4058075823679.jpg,miniatura_robocza,
5410288302874,Jarzeniowki str 2,,jarzeniowki,Jarzeniówki,53,Jarzeniowki_str_2,,fotki/placeholdery/5410288302874.jpg,miniatura_robocza,
5410288302577,Jarzeniowki str 2,,jarzeniowki,Jarzeniówki,54,Jarzeniowki_str_2,,fotki/placeholdery/5410288302577.jpg,miniatura_robocza,
5410288302881,Jarzeniowki str 2,,jarzeniowki,Jarzeniówki,55,Jarzeniowki_str_2,,fotki/placeholdery/5410288302881.jpg,miniatura_robocza,
5410288302898,Jarzeniowki str 2,,jarzeniowki,Jarzeniówki,56,Jarzeniowki_str_2,,fotki/placeholdery/5410288302898.jpg,miniatura_robocza,
5410288302584,Jarzeniowki str 2,,jarzeniowki,Jarzeniówki,57,Jarzeniowki_str_2,,fotki/placeholdery/5410288302584.jpg,miniatura_robocza,
5410288302904,Jarzeniowki str 2,,jarzeniowki,Jarzeniówki,58,Jarzeniowki_str_2,,fotki/placeholdery/5410288302904.jpg,miniatura_robocza,
5410288302591,Jarzeniowki str 2,,jarzeniowki,Jarzeniówki,59,Jarzeniowki_str_2,,fotki/placeholdery/5410288302591.jpg,miniatura_robocza,
5410288302607,Jarzeniowki str 2,,jarzeniowki,Jarzeniówki,60,Jarzeniowki_str_2,,fotki/placeholdery/5410288302607.jpg,miniatura_robocza,
4306517626358,Jarzeniowki str 2,,jarzeniowki,Jarzeniówki,61,Jarzeniowki_str_2,,fotki/placeholdery/4306517626358.jpg,miniatura_robocza,
8719514378056,Jarzeniowki str 2,,jarzeniowki,Jarzeniówki,62,Jarzeniowki_str_2,,fotki/placeholdery/8719514378056.jpg,miniatura_robocza,
8719514378032,Jarzeniowki str 2,,jarzeniowki,Jarzeniówki,63,Jarzeniowki_str_2,,fotki/placeholdery/8719514378032.jpg,miniatura_robocza,
8720169364868,Ledvance,,ledvance,Ledvance,0,Ledvance,,fotki/placeholdery/8720169364868.jpg,miniatura_robocza,
4058075570917,Ledvance,,ledvance,Ledvance,1,Ledvance,https://www.ledvance.com/00_Free_To_Use/13013732/image-thumb__13013732__product_detail/4058075570917_290_SH%20FC%20WIFI%20REMOTE%20CONTROL%20MiPRC.webp,fotki/miniatury/4058075570917.jpg,zweryfikowane_ledvance,
4058075731363,Ledvance,,ledvance,Ledvance,2,Ledvance,https://www.ledvance.com/00_Free_To_Use/13062285/image-thumb__13062285__product_detail/4058075731363_290_SH%20FC%20WIFI%20MOTION%20SENSOR%20MiPRC.webp,fotki/miniatury/4058075731363.jpg,zweryfikowane_ledvance,
4058075730052,Ledvance,,ledvance,Ledvance,3,Ledvance,https://www.ledvance.com/00_Free_To_Use/13062006/image-thumb__13062006__product_detail/4058075730052_290_SH%20FC%20WIFI%20CONTACT%20SENSOR%20MiPRC.webp,fotki/miniatury/4058075730052.jpg,zweryfikowane_ledvance,
4058075537248,Ledvance,,ledvance,Ledvance,4,Ledvance,https://www.ledvance.com/00_Free_To_Use/13055879/image-thumb__13055879__product_details_downloads/4058075537248_255_SH%20FC%20WIFI%20PLUG%20EU%20MiPRC.jpg,fotki/miniatury/4058075537248.jpg,zweryfikowane_ledvance,
4058075594784,Ledvance,,ledvance,Ledvance,5,Ledvance,https://www.ledvance.com/00_Free_To_Use/13029851/image-thumb__13029851__product_detail/4058075594784_290_SH%20FC%20WF%20MULTI%20POWER%20SOCKET%20EU%20MiPRC.webp,fotki/miniatury/4058075594784.jpg,zweryfikowane_ledvance,
4058075532120,Ledvance,,ledvance,Ledvance,6,Ledvance,https://www.ledvance.com/00_Free_To_Use/13055877/image-thumb__13055877__product_detail/4058075532120_290_SH%20FC%20WIFI%20OUTDOOR%20PLUG%20EU%20MiPRC.webp,fotki/miniatury/4058075532120.jpg,zweryfikowane_ledvance,
4099854293238,Ledvance,,ledvance,Ledvance,7,Ledvance,,fotki/placeholdery/4099854293238.jpg,miniatura_robocza,
4099854088537,Ledvance,,ledvance,Ledvance,8,Ledvance,https://www.ledvance.com/00_Free_To_Use/13132321/image-thumb__13132321__product_details_downloads/4099854088537_255_SH%20FC%20WIFI%20PLUG%20EU%20PV%20MiPRC.jpg,fotki/miniatury/4099854088537.jpg,zweryfikowane_ledvance,
4058075486010,Ledvance,,ledvance,Ledvance,9,Ledvance,https://www.ledvance.com/Energy%20Labels/13030871/image-thumb__13030871__product_details_downloads/EL-4058075486010-AC33925~-~page-1.jpg,fotki/miniatury/4058075486010.jpg,zweryfikowane_ledvance,
4058075486034,Ledvance,,ledvance,Ledvance,10,Ledvance,https://www.ledvance.com/Energy%20Labels/13030873/image-thumb__13030873__product_details_downloads/EL-4058075486034-AC33926~-~page-1.jpg,fotki/miniatury/4058075486034.jpg,zweryfikowane_ledvance,
4058075485693,Ledvance,,ledvance,Ledvance,11,Ledvance,https://www.ledvance.com/Energy%20Labels/13030874/image-thumb__13030874__product_details_downloads/EL-4058075485693-AC33927~-~page-1.jpg,fotki/miniatury/4058075485693.jpg,zweryfikowane_ledvance,
4058075486058,Ledvance,,ledvance,Ledvance,12,Ledvance,https://www.ledvance.com/Energy%20Labels/13030875/image-thumb__13030875__product_details_downloads/EL-4058075486058-AC33927~-~page-1.jpg,fotki/miniatury/4058075486058.jpg,zweryfikowane_ledvance,
4058075609754,Ledvance,,ledvance,Ledvance,13,Ledvance,https://www.ledvance.com/00_Free_To_Use/13017310/image-thumb__13017310__product_detail/4058075609754_290_SH%20FC%20WIFI%20B40D%204%20827%20FICL%20E14%20MiPRC.webp,fotki/miniatury/4058075609754.jpg,zweryfikowane_ledvance,
4058075778559,Ledvance,,ledvance,Ledvance,14,Ledvance,https://www.ledvance.com/00_Free_To_Use/13070117/image-thumb__13070117__product_details_downloads/4058075778559_255_SH%20FC%20WIFI%20B40%204%209W%20DIM%20E14%201%20MiPRC.jpg,fotki/miniatury/4058075778559.jpg,zweryfikowane_ledvance,
4058075778597,Ledvance,,ledvance,Ledvance,15,Ledvance,https://www.ledvance.com/00_Free_To_Use/13070130/image-thumb__13070130__product_details_downloads/4058075778597_255_SH%20FC%20WIFI%20B40%204%209W%20RGBW%20E14%201%20MiPRC.jpg,fotki/miniatury/4058075778597.jpg,zweryfikowane_ledvance,
4058075779075,Ledvance,,ledvance,Ledvance,16,Ledvance,https://www.ledvance.com/00_Free_To_Use/13070254/image-thumb__13070254__product_details_downloads/4058075779075_255_SH%20FC%20WIFI%20B40%204%209W%20RGBW%20E14%203%20MiPRC.jpg,fotki/miniatury/4058075779075.jpg,zweryfikowane_ledvance,
4058075609778,Ledvance,,ledvance,Ledvance,17,Ledvance,https://www.ledvance.com/00_Free_To_Use/13017318/image-thumb__13017318__product_detail/4058075609778_290_SH%20FC%20WIFI%20P40D%204%20827%20FICL%20E14%20MiPRC.webp,fotki/miniatury/4058075609778.jpg,zweryfikowane_ledvance,
4058075778610,Ledvance,,ledvance,Ledvance,18,Ledvance,https://www.ledvance.com/00_Free_To_Use/13070137/image-thumb__13070137__product_details_downloads/4058075778610_255_SH%20FC%20WIFI%20P40%204%209W%20DIM%20E14%201%20MiPRC.jpg,fotki/miniatury/4058075778610.jpg,zweryfikowane_ledvance,
4058075778658,Ledvance,,ledvance,Ledvance,19,Ledvance,https://www.ledvance.com/00_Free_To_Use/13070146/image-thumb__13070146__product_details_downloads/4058075778658_255_SH%20FC%20WIFI%20P40%204%209W%20RGBW%20E14%201%20MiPRC.jpg,fotki/miniatury/4058075778658.jpg,zweryfikowane_ledvance,
4058075609792,Ledvance,,ledvance,Ledvance,20,Ledvance,https://www.ledvance.com/00_Free_To_Use/13017326/image-thumb__13017326__product_detail/4058075609792_290_SH%20FC%20WIFI%20P40D%204%20827%20FICL%20E27%20MiPRC.webp,fotki/miniatury/4058075609792.jpg,zweryfikowane_ledvance,
4058075610521,Ledvance,,ledvance,Ledvance,21,Ledvance,https://www.ledvance.com/00_Free_To_Use/13017363/image-thumb__13017363__product_detail/4058075610521_290_SH%20FC%20WIFI%20A53D%206%20824%20FIGD%20E27%20MiPRC.webp,fotki/miniatury/4058075610521.jpg,zweryfikowane_ledvance,
4058075528239,Ledvance,,ledvance,Ledvance,22,Ledvance,https://www.ledvance.com/00_Free_To_Use/13017276/image-thumb__13017276__product_detail/4058075528239_290_SH%20FC%20WIFI%20A60D%206%20827%20FICL%20E27%20MiPRC.webp,fotki/miniatury/4058075528239.jpg,zweryfikowane_ledvance,
4058075609815,Ledvance,,ledvance,Ledvance,23,Ledvance,https://www.ledvance.com/00_Free_To_Use/13017332/image-thumb__13017332__product_detail/4058075609815_290_SH%20FC%20WIFI%20A44D%206%20825%20FISM%20E27%20MiPRC.webp,fotki/miniatury/4058075609815.jpg,zweryfikowane_ledvance,
4306517604141,Ledvance,,ledvance,Ledvance,24,Ledvance,,fotki/placeholdery/4306517604141.jpg,miniatura_robocza,
4306517604189,Ledvance,,ledvance,Ledvance,25,Ledvance,,fotki/placeholdery/4306517604189.jpg,miniatura_robocza,
4306517604585,Ledvance,,ledvance,Ledvance,26,Ledvance,,fotki/placeholdery/4306517604585.jpg,miniatura_robocza,
4306517604561,Ledvance,,ledvance,Ledvance,27,Ledvance,,fotki/placeholdery/4306517604561.jpg,miniatura_robocza,
4306517604165,Ledvance,,ledvance,Ledvance,28,Ledvance,,fotki/placeholdery/4306517604165.jpg,miniatura_robocza,
4306517604547,Ledvance,,ledvance,Ledvance,29,Ledvance,,fotki/placeholdery/4306517604547.jpg,miniatura_robocza,
4058075778382,Ledvance,,ledvance,Ledvance,30,Ledvance,https://www.ledvance.com/00_Free_To_Use/13070066/image-thumb__13070066__product_details_downloads/4058075778382_255_SH%20FC%20WIFI%20A60%209W%20DIM%20E27%201%20MiPRC.jpg,fotki/miniatury/4058075778382.jpg,zweryfikowane_ledvance,
4058075778818,Ledvance,,ledvance,Ledvance,31,Ledvance,https://www.ledvance.com/00_Free_To_Use/13070176/image-thumb__13070176__product_details_downloads/4058075778818_255_SH%20FC%20WIFI%20A60%209W%20DIM%20E27%203%20MiPRC.jpg,fotki/miniatury/4058075778818.jpg,zweryfikowane_ledvance,
4058075778412,Ledvance,,ledvance,Ledvance,32,Ledvance,https://www.ledvance.com/00_Free_To_Use/13070071/image-thumb__13070071__product_details_downloads/4058075778412_255_SH%20FC%20WIFI%20A60%209W%20TW%20E27%201%20MiPRC.jpg,fotki/miniatury/4058075778412.jpg,zweryfikowane_ledvance,
4058075778832,Ledvance,,ledvance,Ledvance,33,Ledvance,https://www.ledvance.com/00_Free_To_Use/13070185/image-thumb__13070185__product_details_downloads/4058075778832_255_SH%20FC%20WIFI%20A60%209W%20TW%20E27%203%20MiPRC.jpg,fotki/miniatury/4058075778832.jpg,zweryfikowane_ledvance,
4058075619012,Ledvance,,ledvance,Ledvance,34,Ledvance,https://www.ledvance.com/00_Free_To_Use/13018918/image-thumb__13018918__product_detail/4058075619012_290_SH%20FC%20WIFI%20A30D%204%205W%20RGBW%20E27%20MiPRC.webp,fotki/miniatury/4058075619012.jpg,zweryfikowane_ledvance,
4058075778450,Ledvance,,ledvance,Ledvance,35,Ledvance,https://www.ledvance.com/00_Free_To_Use/13070079/image-thumb__13070079__product_details_downloads/4058075778450_255_SH%20FC%20WIFI%20A60%209W%20RGBW%20E27%201%20MiPRC.jpg,fotki/miniatury/4058075778450.jpg,zweryfikowane_ledvance,
4058075778870,Ledvance,,ledvance,Ledvance,36,Ledvance,https://www.ledvance.com/00_Free_To_Use/13070199/image-thumb__13070199__product_details_downloads/4058075778870_255_SH%20FC%20WIFI%20A60%209W%20RGBW%20E27%203%20MiPRC.jpg,fotki/miniatury/4058075778870.jpg,zweryfikowane_ledvance,
4058075609716,Ledvance,,ledvance,Ledvance,37,Ledvance,https://www.ledvance.com/00_Free_To_Use/13017302/image-thumb__13017302__product_detail/4058075609716_290_SH%20FC%20WIFI%20A75D%207%205%20827%20GF%20E27%20MiPRC.webp,fotki/miniatury/4058075609716.jpg,zweryfikowane_ledvance,
4058075778498,Ledvance,,ledvance,Ledvance,38,Ledvance,https://www.ledvance.com/00_Free_To_Use/13070100/image-thumb__13070100__product_details_downloads/4058075778498_255_SH%20FC%20WIFI%20A75%209%205W%20DIM%20E27%201%20MiPRC.jpg,fotki/miniatury/4058075778498.jpg,zweryfikowane_ledvance,
4058075778511,Ledvance,,ledvance,Ledvance,39,Ledvance,https://www.ledvance.com/00_Free_To_Use/13070105/image-thumb__13070105__product_details_downloads/4058075778511_255_SH%20FC%20WIFI%20A75%209%205W%20TW%20E27%201%20MiPRC.jpg,fotki/miniatury/4058075778511.jpg,zweryfikowane_ledvance,
4058075778535,Ledvance,,ledvance,Ledvance,40,Ledvance,https://www.ledvance.com/00_Free_To_Use/13070113/image-thumb__13070113__product_details_downloads/4058075778535_255_SH%20FC%20WIFI%20A75%209%205W%20RGBW%20E27%201%20MiPRC.jpg,fotki/miniatury/4058075778535.jpg,zweryfikowane_ledvance,
4058075609730,Ledvance,,ledvance,Ledvance,41,Ledvance,https://www.ledvance.com/00_Free_To_Use/13017305/image-thumb__13017305__product_detail/4058075609730_290_SH%20FC%20WIFI%20A100D%2011%20827%20GF%20E27%20MiPRC.webp,fotki/miniatury/4058075609730.jpg,zweryfikowane_ledvance,
4058075778672,Ledvance,,ledvance,Ledvance,42,Ledvance,https://www.ledvance.com/00_Free_To_Use/13070153/image-thumb__13070153__product_details_downloads/4058075778672_255_SH%20FC%20WIFI%20A100%2014W%20DIM%20E27%201%20MiPRC.jpg,fotki/miniatury/4058075778672.jpg,zweryfikowane_ledvance,
4058075778979,Ledvance,,ledvance,Ledvance,43,Ledvance,https://www.ledvance.com/00_Free_To_Use/13070231/image-thumb__13070231__product_details_downloads/4058075778979_255_SH%20FC%20WIFI%20A100%2014W%20DIM%20E27%203%20MiPRC.jpg,fotki/miniatury/4058075778979.jpg,zweryfikowane_ledvance,
4058075778702,Ledvance,,ledvance,Ledvance,44,Ledvance,https://www.ledvance.com/00_Free_To_Use/13070159/image-thumb__13070159__product_details_downloads/4058075778702_255_SH%20FC%20WIFI%20A100%2014W%20TW%20E27%201%20MiPRC.jpg,fotki/miniatury/4058075778702.jpg,zweryfikowane_ledvance,
4058075778726,Ledvance,,ledvance,Ledvance,45,Ledvance,https://www.ledvance.com/00_Free_To_Use/13070167/image-thumb__13070167__product_details_downloads/4058075778726_255_SH%20FC%20WIFI%20A100%2014W%20RGBW%20E27%201%20MiPRC.jpg,fotki/miniatury/4058075778726.jpg,zweryfikowane_ledvance,
4058075779013,Ledvance,,ledvance,Ledvance,46,Ledvance,https://www.ledvance.com/00_Free_To_Use/13070238/image-thumb__13070238__product_details_downloads/4058075779013_255_SH%20FC%20WIFI%20A100%2014W%20RGBW%20E27%203%20MiPRC.jpg,fotki/miniatury/4058075779013.jpg,zweryfikowane_ledvance,
4058075609693,Ledvance,,ledvance,Ledvance,47,Ledvance,https://www.ledvance.com/00_Free_To_Use/13017298/image-thumb__13017298__product_detail/4058075609693_290_SH%20FC%20WIFI%20G53D%206%20824%20FIGD%20E27%20MiPRC.webp,fotki/miniatury/4058075609693.jpg,zweryfikowane_ledvance,
4058075528291,Ledvance,,ledvance,Ledvance,48,Ledvance,https://www.ledvance.com/00_Free_To_Use/13017288/image-thumb__13017288__product_detail/4058075528291_290_SH%20FC%20WIFI%20G60D%206%20827%20FICL%20E27%20MiPRC.webp,fotki/miniatury/4058075528291.jpg,zweryfikowane_ledvance,
4058075528277,Ledvance,,ledvance,Ledvance,49,Ledvance,https://www.ledvance.com/00_Free_To_Use/13017286/image-thumb__13017286__product_detail/4058075528277_290_SH%20FC%20WIFI%20E60D%206%20827%20FICL%20E27%20MiPRC.webp,fotki/miniatury/4058075528277.jpg,zweryfikowane_ledvance,
4058075515932,Ledvance,,ledvance,Ledvance,50,Ledvance,https://www.ledvance.com/00_Free_To_Use/13021401/image-thumb__13021401__product_detail/4058075515932_290_SH%20FC%20WIFI%20FLEX%202M%20RGBTW%20MiPRC.webp,fotki/miniatury/4058075515932.jpg,zweryfikowane_ledvance,
4058075523838,Ledvance,,ledvance,Ledvance,51,Ledvance,https://www.ledvance.com/00_Free_To_Use/13021399/image-thumb__13021399__product_detail/4058075523838_290_SH%20FC%20WIFI%20FLEX%201M%20EXT%20RGBTW%20MiPRC.webp,fotki/miniatury/4058075523838.jpg,zweryfikowane_ledvance,
4058075504806,Ledvance,,ledvance,Ledvance,52,Ledvance,https://www.ledvance.com/00_Free_To_Use/13049258/image-thumb__13049258__product_detail/4058075504806_290_SH%20FC%20NEON%20FLEX%205M%20RGBTW%20MiPRC.webp,fotki/miniatury/4058075504806.jpg,zweryfikowane_ledvance,
8719514324213,Phillips str 1,,philips,Philips LED,1,Phillips_str_1,,fotki/placeholdery/8719514324213.jpg,miniatura_robocza,
8719514324398,Phillips str 1,,philips,Philips LED,2,Phillips_str_1,,fotki/placeholdery/8719514324398.jpg,miniatura_robocza,
8719514323773,Phillips str 1,,philips,Philips LED,3,Phillips_str_1,,fotki/placeholdery/8719514323773.jpg,miniatura_robocza,
8719514323858,Phillips str 1,,philips,Philips LED,4,Phillips_str_1,,fotki/placeholdery/8719514323858.jpg,miniatura_robocza,
8719514323834,Phillips str 1,,philips,Philips LED,5,Phillips_str_1,,fotki/placeholdery/8719514323834.jpg,miniatura_robocza,
8719514324039,Phillips str 1,,philips,Philips LED,6,Phillips_str_1,,fotki/placeholdery/8719514324039.jpg,miniatura_robocza,
8719514324114,Phillips str 1,,philips,Philips LED,7,Phillips_str_1,,fotki/placeholdery/8719514324114.jpg,miniatura_robocza,
8718699774110,Phillips str 1,,philips,Philips LED,8,Phillips_str_1,,fotki/placeholdery/8718699774110.jpg,miniatura_robocza,
8718699774233,Phillips str 1,,philips,Philips LED,9,Phillips_str_1,,fotki/placeholdery/8718699774233.jpg,miniatura_robocza,
8718699721674,Phillips str 1,,philips,Philips LED,10,Phillips_str_1,,fotki/placeholdery/8718699721674.jpg,miniatura_robocza,
8718699774097,Phillips str 1,,philips,Philips LED,11,Phillips_str_1,,fotki/placeholdery/8718699774097.jpg,miniatura_robocza,
8718699773991,Phillips str 1,,philips,Philips LED,12,Phillips_str_1,,fotki/placeholdery/8718699773991.jpg,miniatura_robocza,
8720169310797,Phillips str 1,,philips,Philips LED,13,Phillips_str_1,,fotki/placeholdery/8720169310797.jpg,miniatura_robocza,
8720169310834,Phillips str 1,,philips,Philips LED,14,Phillips_str_1,,fotki/placeholdery/8720169310834.jpg,miniatura_robocza,
8720169310872,Phillips str 1,,philips,Philips LED,15,Phillips_str_1,,fotki/placeholdery/8720169310872.jpg,miniatura_robocza,
8720169187535,Phillips str 1,,philips,Philips LED,16,Phillips_str_1,,fotki/placeholdery/8720169187535.jpg,miniatura_robocza,
8720169187696,Phillips str 1,,philips,Philips LED,17,Phillips_str_1,,fotki/placeholdery/8720169187696.jpg,miniatura_robocza,
8720169187856,Phillips str 1,,philips,Philips LED,18,Phillips_str_1,,fotki/placeholdery/8720169187856.jpg,miniatura_robocza,
8720169188013,Phillips str 1,,philips,Philips LED,19,Phillips_str_1,,fotki/placeholdery/8720169188013.jpg,miniatura_robocza,
8720169310636,Phillips str 1,,philips,Philips LED,20,Phillips_str_1,,fotki/placeholdery/8720169310636.jpg,miniatura_robocza,
8720169310711,Phillips str 1,,philips,Philips LED,21,Phillips_str_1,,fotki/placeholdery/8720169310711.jpg,miniatura_robocza,
8720169188198,Phillips str 1,,philips,Philips LED,22,Phillips_str_1,,fotki/placeholdery/8720169188198.jpg,miniatura_robocza,
8720169187498,Phillips str 1,,philips,Philips LED,23,Phillips_str_1,,fotki/placeholdery/8720169187498.jpg,miniatura_robocza,
8720169187658,Phillips str 1,,philips,Philips LED,24,Phillips_str_1,,fotki/placeholdery/8720169187658.jpg,miniatura_robocza,
8720169187818,Phillips str 1,,philips,Philips LED,25,Phillips_str_1,,fotki/placeholdery/8720169187818.jpg,miniatura_robocza,
8720169187979,Phillips str 1,,philips,Philips LED,26,Phillips_str_1,,fotki/placeholdery/8720169187979.jpg,miniatura_robocza,
8720169202689,Phillips str 1,,philips,Philips LED,27,Phillips_str_1,,fotki/placeholdery/8720169202689.jpg,miniatura_robocza,
8720169202702,Phillips str 1,,philips,Philips LED,28,Phillips_str_1,,fotki/placeholdery/8720169202702.jpg,miniatura_robocza,
8721103047588,Phillips str 1,,philips,Philips LED,29,Phillips_str_1,,fotki/placeholdery/8721103047588.jpg,miniatura_robocza,
8721103047564,Phillips str 1,,philips,Philips LED,30,Phillips_str_1,,fotki/placeholdery/8721103047564.jpg,miniatura_robocza,
8720169194830,Phillips str 1,,philips,Philips LED,31,Phillips_str_1,,fotki/placeholdery/8720169194830.jpg,miniatura_robocza,
8718699763374,Phillips str 1,,philips,Philips LED,32,Phillips_str_1,,fotki/placeholdery/8718699763374.jpg,miniatura_robocza,
8718699763398,Phillips str 1,,philips,Philips LED,33,Phillips_str_1,,fotki/placeholdery/8718699763398.jpg,miniatura_robocza,
8718699762698,Phillips str 1,,philips,Philips LED,34,Phillips_str_1,,fotki/placeholdery/8718699762698.jpg,miniatura_robocza,
8718699763411,Phillips str 1,,philips,Philips LED,35,Phillips_str_1,,fotki/placeholdery/8718699763411.jpg,miniatura_robocza,
8718699763435,Phillips str 1,,philips,Philips LED,36,Phillips_str_1,,fotki/placeholdery/8718699763435.jpg,miniatura_robocza,
8718699762834,Phillips str 1,,philips,Philips LED,37,Phillips_str_1,,fotki/placeholdery/8718699762834.jpg,miniatura_robocza,
8718699763459,Phillips str 1,,philips,Philips LED,38,Phillips_str_1,,fotki/placeholdery/8718699763459.jpg,miniatura_robocza,
8718699763473,Phillips str 1,,philips,Philips LED,39,Phillips_str_1,,fotki/placeholdery/8718699763473.jpg,miniatura_robocza,
8718699763312,Phillips str 1,,philips,Philips LED,40,Phillips_str_1,,fotki/placeholdery/8718699763312.jpg,miniatura_robocza,
8718699763336,Phillips str 1,,philips,Philips LED,41,Phillips_str_1,,fotki/placeholdery/8718699763336.jpg,miniatura_robocza,
8718699763251,Phillips str 1,,philips,Philips LED,42,Phillips_str_1,,fotki/placeholdery/8718699763251.jpg,miniatura_robocza,
8718699763275,Phillips str 1,,philips,Philips LED,43,Phillips_str_1,,fotki/placeholdery/8718699763275.jpg,miniatura_robocza,
8718699764517,Phillips str 1,,philips,Philips LED,44,Phillips_str_1,,fotki/placeholdery/8718699764517.jpg,miniatura_robocza,
8718699777531,Phillips str 2,,philips,Philips LED,45,Phillips_str_2,,fotki/placeholdery/8718699777531.jpg,miniatura_robocza,
8718699763077,Phillips str 2,,philips,Philips LED,46,Phillips_str_2,,fotki/placeholdery/8718699763077.jpg,miniatura_robocza,
8718699762193,Phillips str 2,,philips,Philips LED,47,Phillips_str_2,,fotki/placeholdery/8718699762193.jpg,miniatura_robocza,
8718699777555,Phillips str 2,,philips,Philips LED,48,Phillips_str_2,,fotki/placeholdery/8718699777555.jpg,miniatura_robocza,
8718699763152,Phillips str 2,,philips,Philips LED,49,Phillips_str_2,,fotki/placeholdery/8718699763152.jpg,miniatura_robocza,
8718699763299,Phillips str 2,,philips,Philips LED,50,Phillips_str_2,,fotki/placeholdery/8718699763299.jpg,miniatura_robocza,
8718699763176,Phillips str 2,,philips,Philips LED,51,Phillips_str_2,,fotki/placeholdery/8718699763176.jpg,miniatura_robocza,
8718699761998,Phillips str 2,,philips,Philips LED,52,Phillips_str_2,,fotki/placeholdery/8718699761998.jpg,miniatura_robocza,
8718699777579,Phillips str 2,,philips,Philips LED,53,Phillips_str_2,,fotki/placeholdery/8718699777579.jpg,miniatura_robocza,
8718699762995,Phillips str 2,,philips,Philips LED,54,Phillips_str_2,,fotki/placeholdery/8718699762995.jpg,miniatura_robocza,
8720169301634,Phillips str 2,,philips,Philips LED,55,Phillips_str_2,,fotki/placeholdery/8720169301634.jpg,miniatura_robocza,
8720169301696,Phillips str 2,,philips,Philips LED,56,Phillips_str_2,,fotki/placeholdery/8720169301696.jpg,miniatura_robocza,
8720169300491,Phillips str 2,,philips,Philips LED,57,Phillips_str_2,,fotki/placeholdery/8720169300491.jpg,miniatura_robocza,
8718699773755,Phillips str 2,,philips,Philips LED,58,Phillips_str_2,,fotki/placeholdery/8718699773755.jpg,miniatura_robocza,
8718699773793,Phillips str 2,,philips,Philips LED,59,Phillips_str_2,,fotki/placeholdery/8718699773793.jpg,miniatura_robocza,
8718699774219,Phillips str 2,,philips,Philips LED,60,Phillips_str_2,,fotki/placeholdery/8718699774219.jpg,miniatura_robocza,
8718699773816,Phillips str 2,,philips,Philips LED,61,Phillips_str_2,,fotki/placeholdery/8718699773816.jpg,miniatura_robocza,
8718699773830,Phillips str 2,,philips,Philips LED,62,Phillips_str_2,,fotki/placeholdery/8718699773830.jpg,miniatura_robocza,
8718699773656,Phillips str 2,,philips,Philips LED,63,Phillips_str_2,,fotki/placeholdery/8718699773656.jpg,miniatura_robocza,
8718699774158,Phillips str 2,,philips,Philips LED,64,Phillips_str_2,,fotki/placeholdery/8718699774158.jpg,miniatura_robocza,
8718699774134,Phillips str 2,,philips,Philips LED,65,Phillips_str_2,,fotki/placeholdery/8718699774134.jpg,miniatura_robocza,
8718699774059,Phillips str 2,,philips,Philips LED,66,Phillips_str_2,,fotki/placeholdery/8718699774059.jpg,miniatura_robocza,
8719514307605,Phillips str 2,,philips,Philips LED,67,Phillips_str_2,,fotki/placeholdery/8719514307605.jpg,miniatura_robocza,
8719514307629,Phillips str 2,,philips,Philips LED,68,Phillips_str_2,,fotki/placeholdery/8719514307629.jpg,miniatura_robocza,
8718699773977,Phillips str 2,,philips,Philips LED,69,Phillips_str_2,,fotki/placeholdery/8718699773977.jpg,miniatura_robocza,
8720169155114,Phillips Hue,,philips_hue,Philips Hue,1,Phillips_Hue,,fotki/placeholdery/8720169155114.jpg,miniatura_robocza,
8719514342620,Phillips Hue,,philips_hue,Philips Hue,2,Phillips_Hue,,fotki/placeholdery/8719514342620.jpg,miniatura_robocza,
8719514274617,Phillips Hue,,philips_hue,Philips Hue,3,Phillips_Hue,,fotki/placeholdery/8719514274617.jpg,miniatura_robocza,
8719514440999,Phillips Hue,,philips_hue,Philips Hue,4,Phillips_Hue,,fotki/placeholdery/8719514440999.jpg,miniatura_robocza,
8719514440937,Phillips Hue,,philips_hue,Philips Hue,5,Phillips_Hue,,fotki/placeholdery/8719514440937.jpg,miniatura_robocza,
8719514342125,Phillips Hue,,philips_hue,Philips Hue,6,Phillips_Hue,,fotki/placeholdery/8719514342125.jpg,miniatura_robocza,
8719514342309,Phillips Hue,,philips_hue,Philips Hue,7,Phillips_Hue,,fotki/placeholdery/8719514342309.jpg,miniatura_robocza,
8719514318045,Phillips Hue,,philips_hue,Philips Hue,8,Phillips_Hue,,fotki/placeholdery/8719514318045.jpg,miniatura_robocza,
8718699688820,Phillips Hue,,philips_hue,Philips Hue,9,Phillips_Hue,,fotki/placeholdery/8718699688820.jpg,miniatura_robocza,
8719514342989,Phillips Hue,,philips_hue,Philips Hue,10,Phillips_Hue,,fotki/placeholdery/8719514342989.jpg,miniatura_robocza,
8719514343009,Phillips Hue,,philips_hue,Philips Hue,11,Phillips_Hue,,fotki/placeholdery/8719514343009.jpg,miniatura_robocza,
8719514302235,Phillips Hue,,philips_hue,Philips Hue,12,Phillips_Hue,,fotki/placeholdery/8719514302235.jpg,miniatura_robocza,
8719514301429,Phillips Hue,,philips_hue,Philips Hue,13,Phillips_Hue,,fotki/placeholdery/8719514301429.jpg,miniatura_robocza,
8719514301467,Phillips Hue,,philips_hue,Philips Hue,14,Phillips_Hue,,fotki/placeholdery/8719514301467.jpg,miniatura_robocza,
8719514301481,Phillips Hue,,philips_hue,Philips Hue,15,Phillips_Hue,,fotki/placeholdery/8719514301481.jpg,miniatura_robocza,
8720169364707,Phillips Hue,,philips_hue,Philips Hue,16,Phillips_Hue,,fotki/placeholdery/8720169364707.jpg,miniatura_robocza,
8720169365797,Phillips Hue,,philips_hue,Philips Hue,17,Phillips_Hue,,fotki/placeholdery/8720169365797.jpg,miniatura_robocza,
8719514320666,Phillips Hue,,philips_hue,Philips Hue,18,Phillips_Hue,,fotki/placeholdery/8719514320666.jpg,miniatura_robocza,
8719514320628,Phillips Hue,,philips_hue,Philips Hue,19,Phillips_Hue,,fotki/placeholdery/8719514320628.jpg,miniatura_robocza,
8720169364806,Phillips Hue,,philips_hue,Philips Hue,20,Phillips_Hue,,fotki/placeholdery/8720169364806.jpg,miniatura_robocza,
8720169364868,Phillips Hue,,philips_hue,Philips Hue,21,Phillips_Hue,,fotki/placeholdery/8720169364868.jpg,miniatura_robocza,
8719514356658,Phillips Hue,,philips_hue,Philips Hue,22,Phillips_Hue,,fotki/placeholdery/8719514356658.jpg,miniatura_robocza,
8719514356733,Phillips Hue,,philips_hue,Philips Hue,23,Phillips_Hue,,fotki/placeholdery/8719514356733.jpg,miniatura_robocza,
8720169364066,Phillips Hue,,philips_hue,Philips Hue,24,Phillips_Hue,,fotki/placeholdery/8720169364066.jpg,miniatura_robocza,
8720169365735,Phillips Hue,,philips_hue,Philips Hue,25,Phillips_Hue,,fotki/placeholdery/8720169365735.jpg,miniatura_robocza,
8719514356719,Phillips Hue,,philips_hue,Philips Hue,26,Phillips_Hue,,fotki/placeholdery/8719514356719.jpg,miniatura_robocza,
8720169230231,Phillips Hue,,philips_hue,Philips Hue,27,Phillips_Hue,,fotki/placeholdery/8720169230231.jpg,miniatura_robocza,
8720169230033,Phillips Hue,,philips_hue,Philips Hue,28,Phillips_Hue,,fotki/placeholdery/8720169230033.jpg,miniatura_robocza,
8720169229815,Phillips Hue,,philips_hue,Philips Hue,29,Phillips_Hue,,fotki/placeholdery/8720169229815.jpg,miniatura_robocza,
8719514289130,Phillips Hue,,philips_hue,Philips Hue,30,Phillips_Hue,,fotki/placeholdery/8719514289130.jpg,miniatura_robocza,
8719514291232,Phillips Hue,,philips_hue,Philips Hue,31,Phillips_Hue,,fotki/placeholdery/8719514291232.jpg,miniatura_robocza,
8719514291416,Phillips Hue,,philips_hue,Philips Hue,32,Phillips_Hue,,fotki/placeholdery/8719514291416.jpg,miniatura_robocza,
8721103087812,Phillips Hue,,philips_hue,Philips Hue,33,Phillips_Hue,,fotki/placeholdery/8721103087812.jpg,miniatura_robocza,
8721103088116,Phillips Hue,,philips_hue,Philips Hue,34,Phillips_Hue,,fotki/placeholdery/8721103088116.jpg,miniatura_robocza,
8721103088611,Phillips Hue,,philips_hue,Philips Hue,35,Phillips_Hue,,fotki/placeholdery/8721103088611.jpg,miniatura_robocza,
8721103089090,Phillips Hue,,philips_hue,Philips Hue,36,Phillips_Hue,,fotki/placeholdery/8721103089090.jpg,miniatura_robocza,
4003558012226,Radius Led,,radium,Radium,1,Radium_Led,,fotki/placeholdery/4003558012226.jpg,miniatura_robocza,
4003558014152,Radius Led,,radium,Radium,2,Radium_Led,,fotki/placeholdery/4003558014152.jpg,miniatura_robocza,
4003558014176,Radius Led,,radium,Radium,3,Radium_Led,,fotki/placeholdery/4003558014176.jpg,miniatura_robocza,
4003558012257,Radius Led,,radium,Radium,4,Radium_Led,,fotki/placeholdery/4003558012257.jpg,miniatura_robocza,
4003558014442,Radius Led,,radium,Radium,5,Radium_Led,,fotki/placeholdery/4003558014442.jpg,miniatura_robocza,
4003558014138,Radius Led,,radium,Radium,6,Radium_Led,,fotki/placeholdery/4003558014138.jpg,miniatura_robocza,
4003558011403,Radius Led,,radium,Radium,7,Radium_Led,,fotki/placeholdery/4003558011403.jpg,miniatura_robocza,
4003558011403,Radius Led,,radium,Radium,8,Radium_Led,,fotki/placeholdery/4003558011403.jpg,miniatura_robocza,
4003558011489,Radius Led,,radium,Radium,9,Radium_Led,,fotki/placeholdery/4003558011489.jpg,miniatura_robocza,
4003558011526,Radius Led,,radium,Radium,10,Radium_Led,,fotki/placeholdery/4003558011526.jpg,miniatura_robocza,
4003558011564,Radius Led,,radium,Radium,11,Radium_Led,,fotki/placeholdery/4003558011564.jpg,miniatura_robocza,
4003558011601,Radius Led,,radium,Radium,12,Radium_Led,,fotki/placeholdery/4003558011601.jpg,miniatura_robocza,
4003558011649,Radius Led,,radium,Radium,13,Radium_Led,,fotki/placeholdery/4003558011649.jpg,miniatura_robocza,
4003558012233,Radius Led,,radium,Radium,14,Radium_Led,,fotki/placeholdery/4003558012233.jpg,miniatura_robocza,
4003558014169,Radius Led,,radium,Radium,15,Radium_Led,,fotki/placeholdery/4003558014169.jpg,miniatura_robocza,
4003558012271,Radius Led,,radium,Radium,16,Radium_Led,,fotki/placeholdery/4003558012271.jpg,miniatura_robocza,
4003558014459,Radius Led,,radium,Radium,17,Radium_Led,,fotki/placeholdery/4003558014459.jpg,miniatura_robocza,
4003558011724,Radius Led,,radium,Radium,18,Radium_Led,,fotki/placeholdery/4003558011724.jpg,miniatura_robocza,
4003558012189,Radius Led,,radium,Radium,19,Radium_Led,,fotki/placeholdery/4003558012189.jpg,miniatura_robocza,
4003558012189,Radius Led,,radium,Radium,20,Radium_Led,,fotki/placeholdery/4003558012189.jpg,miniatura_robocza,
4003558012257,Radius Led,,radium,Radium,21,Radium_Led,,fotki/placeholdery/4003558012257.jpg,miniatura_robocza,
4003558012257,Radius Led,,radium,Radium,22,Radium_Led,,fotki/placeholdery/4003558012257.jpg,miniatura_robocza,
4003558014442,Radius Led,,radium,Radium,23,Radium_Led,,fotki/placeholdery/4003558014442.jpg,miniatura_robocza,
4003558014138,Radius Led,,radium,Radium,24,Radium_Led,,fotki/placeholdery/4003558014138.jpg,miniatura_robocza,
4003558011410,Radius Led,,radium,Radium,25,Radium_Led,,fotki/placeholdery/4003558011410.jpg,miniatura_robocza,
4003558011410,Radius Led,,radium,Radium,26,Radium_Led,,fotki/placeholdery/4003558011410.jpg,miniatura_robocza,
4003558011496,Radius Led,,radium,Radium,27,Radium_Led,,fotki/placeholdery/4003558011496.jpg,miniatura_robocza,
4003558011496,Radius Led,,radium,Radium,28,Radium_Led,,fotki/placeholdery/4003558011496.jpg,miniatura_robocza,
4003558011533,Radius Led,,radium,Radium,29,Radium_Led,,fotki/placeholdery/4003558011533.jpg,miniatura_robocza,
4003558011571,Radius Led,,radium,Radium,30,Radium_Led,,fotki/placeholdery/4003558011571.jpg,miniatura_robocza,
4003558011571,Radius Led,,radium,Radium,31,Radium_Led,,fotki/placeholdery/4003558011571.jpg,miniatura_robocza,
4003558011618,Radius Led,,radium,Radium,32,Radium_Led,,fotki/placeholdery/4003558011618.jpg,miniatura_robocza,
4003558011656,Radius Led,,radium,Radium,33,Radium_Led,,fotki/placeholdery/4003558011656.jpg,miniatura_robocza,
4003558012189,Radius Led,,radium,Radium,34,Radium_Led,,fotki/placeholdery/4003558012189.jpg,miniatura_robocza,
4003558021731,Radius Led,,radium,Radium,35,Radium_Led,,fotki/placeholdery/4003558021731.jpg,miniatura_robocza,
4003558012196,Radius Led,,radium,Radium,36,Radium_Led,,fotki/placeholdery/4003558012196.jpg,miniatura_robocza,
4003558012196,Radius Led,,radium,Radium,37,Radium_Led,,fotki/placeholdery/4003558012196.jpg,miniatura_robocza,
4003558012226,Radius Led,,radium,Radium,38,Radium_Led,,fotki/placeholdery/4003558012226.jpg,miniatura_robocza,
4003558012257,Radius Led,,radium,Radium,39,Radium_Led,,fotki/placeholdery/4003558012257.jpg,miniatura_robocza,
4003558012257,Radius Led,,radium,Radium,40,Radium_Led,,fotki/placeholdery/4003558012257.jpg,miniatura_robocza,
4003558011427,Radius Led,,radium,Radium,41,Radium_Led,,fotki/placeholdery/4003558011427.jpg,miniatura_robocza,
4003558011427,Radius Led,,radium,Radium,42,Radium_Led,,fotki/placeholdery/4003558011427.jpg,miniatura_robocza,
4003558011502,Radius Led,,radium,Radium,43,Radium_Led,,fotki/placeholdery/4003558011502.jpg,miniatura_robocza,
4003558011502,Radius Led,,radium,Radium,44,Radium_Led,,fotki/placeholdery/4003558011502.jpg,miniatura_robocza,
4003558011540,Radius Led,,radium,Radium,45,Radium_Led,,fotki/placeholdery/4003558011540.jpg,miniatura_robocza,
4003558011588,Radius Led,,radium,Radium,46,Radium_Led,,fotki/placeholdery/4003558011588.jpg,miniatura_robocza,
4003558011588,Radius Led,,radium,Radium,47,Radium_Led,,fotki/placeholdery/4003558011588.jpg,miniatura_robocza,
4003558011625,Radius Led,,radium,Radium,48,Radium_Led,,fotki/placeholdery/4003558011625.jpg,miniatura_robocza,
4003558011663,Radius Led,,radium,Radium,49,Radium_Led,,fotki/placeholdery/4003558011663.jpg,miniatura_robocza,
4003558012196,Radius Led,,radium,Radium,50,Radium_Led,,fotki/placeholdery/4003558012196.jpg,miniatura_robocza,
4003558011748,Radius Led,,radium,Radium,51,Radium_Led,,fotki/placeholdery/4003558011748.jpg,miniatura_robocza,
4003558012202,Radius Led,,radium,Radium,52,Radium_Led,,fotki/placeholdery/4003558012202.jpg,miniatura_robocza,
4003558012202,Radius Led,,radium,Radium,53,Radium_Led,,fotki/placeholdery/4003558012202.jpg,miniatura_robocza,
4003558012226,Radius Led,,radium,Radium,54,Radium_Led,,fotki/placeholdery/4003558012226.jpg,miniatura_robocza,
4003558012257,Radius Led,,radium,Radium,55,Radium_Led,,fotki/placeholdery/4003558012257.jpg,miniatura_robocza,
4003558014138,Radius Led,,radium,Radium,56,Radium_Led,,fotki/placeholdery/4003558014138.jpg,miniatura_robocza,
4003558014084,Radius Led,,radium,Radium,57,Radium_Led,,fotki/placeholdery/4003558014084.jpg,miniatura_robocza,
4003558014084,Radius Led,,radium,Radium,58,Radium_Led,,fotki/placeholdery/4003558014084.jpg,miniatura_robocza,
4003558014107,Radius Led,,radium,Radium,59,Radium_Led,,fotki/placeholdery/4003558014107.jpg,miniatura_robocza,
4003558014107,Radius Led,,radium,Radium,60,Radium_Led,,fotki/placeholdery/4003558014107.jpg,miniatura_robocza,
4003558014114,Radius Led,,radium,Radium,61,Radium_Led,,fotki/placeholdery/4003558014114.jpg,miniatura_robocza,
4003558012202,Radius Led,,radium,Radium,62,Radium_Led,,fotki/placeholdery/4003558012202.jpg,miniatura_robocza,
4003558014145,Radius Led,,radium,Radium,63,Radium_Led,,fotki/placeholdery/4003558014145.jpg,miniatura_robocza,
4003558014121,Radius Led,,radium,Radium,64,Radium_Led,,fotki/placeholdery/4003558014121.jpg,miniatura_robocza,
4020058851263,specjale,,specjale,Specjalne,1,specjale,,fotki/placeholdery/4020058851263.jpg,miniatura_robocza,
4020058802253,specjale,,specjale,Specjalne,2,specjale,,fotki/placeholdery/4020058802253.jpg,miniatura_robocza,
4306517617173,specjale,,specjale,Specjalne,3,specjale,,fotki/placeholdery/4306517617173.jpg,miniatura_robocza,
4306517617180,specjale,,specjale,Specjalne,4,specjale,,fotki/placeholdery/4306517617180.jpg,miniatura_robocza,
4020058833311,specjale,,specjale,Specjalne,5,specjale,,fotki/placeholdery/4020058833311.jpg,miniatura_robocza,
4020058853755,specjale,,specjale,Specjalne,6,specjale,,fotki/placeholdery/4020058853755.jpg,miniatura_robocza,
4306517591256,specjale,,specjale,Specjalne,7,specjale,,fotki/placeholdery/4306517591256.jpg,miniatura_robocza,
4306517596845,specjale,,specjale,Specjalne,8,specjale,,fotki/placeholdery/4306517596845.jpg,miniatura_robocza,
4306517578297,specjale,,specjale,Specjalne,9,specjale,,fotki/placeholdery/4306517578297.jpg,miniatura_robocza,
4020058659477,specjale,,specjale,Specjalne,10,specjale,,fotki/placeholdery/4020058659477.jpg,miniatura_robocza,
4020058562246,specjale,,specjale,Specjalne,11,specjale,,fotki/placeholdery/4020058562246.jpg,miniatura_robocza,
4306517593687,specjale,,specjale,Specjalne,12,specjale,,fotki/placeholdery/4306517593687.jpg,miniatura_robocza,
4020058836944,specjale,,specjale,Specjalne,13,specjale,,fotki/placeholdery/4020058836944.jpg,miniatura_robocza,
4306517592697,specjale,,specjale,Specjalne,14,specjale,,fotki/placeholdery/4306517592697.jpg,miniatura_robocza,
4306517678310,specjale,,specjale,Specjalne,15,specjale,,fotki/placeholdery/4306517678310.jpg,miniatura_robocza,
4306517679484,specjale,,specjale,Specjalne,16,specjale,,fotki/placeholdery/4306517679484.jpg,miniatura_robocza,
8718669774073,specjale,,specjale,Specjalne,17,specjale,,fotki/placeholdery/8718669774073.jpg,miniatura_robocza,
4020058853342,specjale,,specjale,Specjalne,18,specjale,,fotki/placeholdery/4020058853342.jpg,miniatura_robocza,
4020058221522,specjale,,specjale,Specjalne,19,specjale,,fotki/placeholdery/4020058221522.jpg,miniatura_robocza,
4020058855722,specjale,,specjale,Specjalne,20,specjale,,fotki/placeholdery/4020058855722.jpg,miniatura_robocza,
4306517813779,specjale,,specjale,Specjalne,21,specjale,,fotki/placeholdery/4306517813779.jpg,miniatura_robocza,
5410288221552,specjale,,specjale,Specjalne,22,specjale,,fotki/placeholdery/5410288221552.jpg,miniatura_robocza,
5410288225746,specjale,,specjale,Specjalne,23,specjale,,fotki/placeholdery/5410288225746.jpg,miniatura_robocza,
4020058565760,specjale,,specjale,Specjalne,24,specjale,,fotki/placeholdery/4020058565760.jpg,miniatura_robocza,
4020058851539,specjale,,specjale,Specjalne,25,specjale,,fotki/placeholdery/4020058851539.jpg,miniatura_robocza,
9716880783786,specjale,,specjale,Specjalne,26,specjale,,fotki/placeholdery/9716880783786.jpg,miniatura_robocza,
4306517610371,specjale,,specjale,Specjalne,27,specjale,,fotki/placeholdery/4306517610371.jpg,miniatura_robocza,
4020058561569,specjale,,specjale,Specjalne,28,specjale,,fotki/placeholdery/4020058561569.jpg,miniatura_robocza,
8718699775784,specjale,,specjale,Specjalne,29,specjale,,fotki/placeholdery/8718699775784.jpg,miniatura_robocza,
8718699771935,specjale,,specjale,Specjalne,30,specjale,,fotki/placeholdery/8718699771935.jpg,miniatura_robocza,
8718699771959,specjale,,specjale,Specjalne,31,specjale,,fotki/placeholdery/8718699771959.jpg,miniatura_robocza,
4306517275266,specjale,,specjale,Specjalne,32,specjale,,fotki/placeholdery/4306517275266.jpg,miniatura_robocza,
4306517275235,specjale,,specjale,Specjalne,33,specjale,,fotki/placeholdery/4306517275235.jpg,miniatura_robocza,
2007060007720,specjale,,specjale,Specjalne,34,specjale,,fotki/placeholdery/2007060007720.jpg,miniatura_robocza,
4000870600157,specjale,,specjale,Specjalne,35,specjale,,fotki/placeholdery/4000870600157.jpg,miniatura_robocza,
4000870600100,specjale,,specjale,Specjalne,36,specjale,,fotki/placeholdery/4000870600100.jpg,miniatura_robocza,
8719514338715,specjale,,specjale,Specjalne,37,specjale,,fotki/placeholdery/8719514338715.jpg,miniatura_robocza,
8711869012550,specjale,,specjale,Specjalne,38,specjale,,fotki/placeholdery/8711869012550.jpg,miniatura_robocza,
8719501383211,specjale,,specjale,Specjalne,39,specjale,,fotki/placeholdery/8719501383211.jpg,miniatura_robocza,
5410288686968,specjale,,specjale,Specjalne,40,specjale,,fotki/placeholdery/5410288686968.jpg,miniatura_robocza,
4020058851010,specjale,,specjale,Specjalne,41,specjale,,fotki/placeholdery/4020058851010.jpg,miniatura_robocza,
4020058851003,specjale,,specjale,Specjalne,42,specjale,,fotki/placeholdery/4020058851003.jpg,miniatura_robocza,
4020058851027,specjale,,specjale,Specjalne,43,specjale,,fotki/placeholdery/4020058851027.jpg,miniatura_robocza,
4306517614379,specjale,,specjale,Specjalne,44,specjale,,fotki/placeholdery/4306517614379.jpg,miniatura_robocza,
4020058652390,specjale,,specjale,Specjalne,45,specjale,,fotki/placeholdery/4020058652390.jpg,miniatura_robocza,
4020058652277,specjale,,specjale,Specjalne,46,specjale,,fotki/placeholdery/4020058652277.jpg,miniatura_robocza,
4306517602260,specjale,,specjale,Specjalne,47,specjale,,fotki/placeholdery/4306517602260.jpg,miniatura_robocza,
4306517602284,specjale,,specjale,Specjalne,48,specjale,,fotki/placeholdery/4306517602284.jpg,miniatura_robocza,
4306517622222,specjale,,specjale,Specjalne,49,specjale,,fotki/placeholdery/4306517622222.jpg,miniatura_robocza,
4306517602246,specjale,,specjale,Specjalne,50,specjale,,fotki/placeholdery/4306517602246.jpg,miniatura_robocza,
4306517802208,specjale,,specjale,Specjalne,51,specjale,,fotki/placeholdery/4306517802208.jpg,miniatura_robocza,
4306517902185,specjale,,specjale,Specjalne,52,specjale,,fotki/placeholdery/4306517902185.jpg,miniatura_robocza,
4306517901652,specjale,,specjale,Specjalne,53,specjale,,fotki/placeholdery/4306517901652.jpg,miniatura_robocza,
4306517908392,specjale,,specjale,Specjalne,54,specjale,,fotki/placeholdery/4306517908392.jpg,miniatura_robocza,
4306517803144,specjale,,specjale,Specjalne,55,specjale,,fotki/placeholdery/4306517803144.jpg,miniatura_robocza,
4306517803120,specjale,,specjale,Specjalne,56,specjale,,fotki/placeholdery/4306517803120.jpg,miniatura_robocza,
4306517803168,specjale,,specjale,Specjalne,57,specjale,,fotki/placeholdery/4306517803168.jpg,miniatura_robocza,
4306517802963,specjale,,specjale,Specjalne,58,specjale,,fotki/placeholdery/4306517802963.jpg,miniatura_robocza,
4306517803021,specjale,,specjale,Specjalne,59,specjale,,fotki/placeholdery/4306517803021.jpg,miniatura_robocza,
4306511902987,specjale,,specjale,Specjalne,60,specjale,,fotki/placeholdery/4306511902987.jpg,miniatura_robocza,
4020058853007,specjale,,specjale,Specjalne,61,specjale,,fotki/placeholdery/4020058853007.jpg,miniatura_robocza,
4306517705018,specjale,,specjale,Specjalne,62,specjale,,fotki/placeholdery/4306517705018.jpg,miniatura_robocza,
4020058852949,specjale,,specjale,Specjalne,63,specjale,,fotki/placeholdery/4020058852949.jpg,miniatura_robocza,
4306517705032,specjale,,specjale,Specjalne,64,specjale,,fotki/placeholdery/4306517705032.jpg,miniatura_robocza,
4306517705056,specjale,,specjale,Specjalne,65,specjale,,fotki/placeholdery/4306517705056.jpg,miniatura_robocza,
4306517701251,specjale,,specjale,Specjalne,66,specjale,,fotki/placeholdery/4306517701251.jpg,miniatura_robocza,
4306517701232,specjale,,specjale,Specjalne,67,specjale,,fotki/placeholdery/4306517701232.jpg,miniatura_robocza,
4020058853229,specjale,,specjale,Specjalne,68,specjale,,fotki/placeholdery/4020058853229.jpg,miniatura_robocza,
4020058853205,specjale,,specjale,Specjalne,69,specjale,,fotki/placeholdery/4020058853205.jpg,miniatura_robocza,
295770,Sylvania,,sylvania,Sylvania,1,Sylvania,,fotki/placeholdery/295770.jpg,miniatura_robocza,
295855,Sylvania,,sylvania,Sylvania,2,Sylvania,,fotki/placeholdery/295855.jpg,miniatura_robocza,
295909,Sylvania,,sylvania,Sylvania,3,Sylvania,,fotki/placeholdery/295909.jpg,miniatura_robocza,
293189,Sylvania,,sylvania,Sylvania,4,Sylvania,,fotki/placeholdery/293189.jpg,miniatura_robocza,
295947,Sylvania,,sylvania,Sylvania,5,Sylvania,,fotki/placeholdery/295947.jpg,miniatura_robocza,
296265,Sylvania,,sylvania,Sylvania,6,Sylvania,,fotki/placeholdery/296265.jpg,miniatura_robocza,
295626,Sylvania,,sylvania,Sylvania,7,Sylvania,,fotki/placeholdery/295626.jpg,miniatura_robocza,
296258,Sylvania,,sylvania,Sylvania,8,Sylvania,,fotki/placeholdery/296258.jpg,miniatura_robocza,
296326,Sylvania,,sylvania,Sylvania,9,Sylvania,,fotki/placeholdery/296326.jpg,miniatura_robocza,
296043,Sylvania,,sylvania,Sylvania,10,Sylvania,,fotki/placeholdery/296043.jpg,miniatura_robocza,
296104,Sylvania,,sylvania,Sylvania,11,Sylvania,,fotki/placeholdery/296104.jpg,miniatura_robocza,
296159,Sylvania,,sylvania,Sylvania,12,Sylvania,,fotki/placeholdery/296159.jpg,miniatura_robocza,
296093,Sylvania,,sylvania,Sylvania,13,Sylvania,,fotki/placeholdery/296093.jpg,miniatura_robocza,
291154,Sylvania,,sylvania,Sylvania,14,Sylvania,,fotki/placeholdery/291154.jpg,miniatura_robocza,
291192,Sylvania,,sylvania,Sylvania,15,Sylvania,,fotki/placeholdery/291192.jpg,miniatura_robocza,
291420,Sylvania,,sylvania,Sylvania,16,Sylvania,,fotki/placeholdery/291420.jpg,miniatura_robocza,
291741,Sylvania,,sylvania,Sylvania,17,Sylvania,,fotki/placeholdery/291741.jpg,miniatura_robocza,
291826,Sylvania,,sylvania,Sylvania,18,Sylvania,,fotki/placeholdery/291826.jpg,miniatura_robocza,
291859,Sylvania,,sylvania,Sylvania,19,Sylvania,,fotki/placeholdery/291859.jpg,miniatura_robocza,
292168,Sylvania,,sylvania,Sylvania,20,Sylvania,,fotki/placeholdery/292168.jpg,miniatura_robocza,
292205,Sylvania,,sylvania,Sylvania,21,Sylvania,,fotki/placeholdery/292205.jpg,miniatura_robocza,
292243,Sylvania,,sylvania,Sylvania,22,Sylvania,,fotki/placeholdery/292243.jpg,miniatura_robocza,
292380,Sylvania,,sylvania,Sylvania,23,Sylvania,,fotki/placeholdery/292380.jpg,miniatura_robocza,
295787,Sylvania,,sylvania,Sylvania,24,Sylvania,,fotki/placeholdery/295787.jpg,miniatura_robocza,
295879,Sylvania,,sylvania,Sylvania,25,Sylvania,,fotki/placeholdery/295879.jpg,miniatura_robocza,
295916,Sylvania,,sylvania,Sylvania,26,Sylvania,,fotki/placeholdery/295916.jpg,miniatura_robocza,
293196,Sylvania,,sylvania,Sylvania,27,Sylvania,,fotki/placeholdery/293196.jpg,miniatura_robocza,
295954,Sylvania,,sylvania,Sylvania,28,Sylvania,,fotki/placeholdery/295954.jpg,miniatura_robocza,
296289,Sylvania,,sylvania,Sylvania,29,Sylvania,,fotki/placeholdery/296289.jpg,miniatura_robocza,
296272,Sylvania,,sylvania,Sylvania,30,Sylvania,,fotki/placeholdery/296272.jpg,miniatura_robocza,
296340,Sylvania,,sylvania,Sylvania,31,Sylvania,,fotki/placeholdery/296340.jpg,miniatura_robocza,
292076,Sylvania,,sylvania,Sylvania,32,Sylvania,,fotki/placeholdery/292076.jpg,miniatura_robocza,
296050,Sylvania,,sylvania,Sylvania,33,Sylvania,,fotki/placeholdery/296050.jpg,miniatura_robocza,
296111,Sylvania,,sylvania,Sylvania,34,Sylvania,,fotki/placeholdery/296111.jpg,miniatura_robocza,
296166,Sylvania,,sylvania,Sylvania,35,Sylvania,,fotki/placeholdery/296166.jpg,miniatura_robocza,
291123,Sylvania,,sylvania,Sylvania,36,Sylvania,,fotki/placeholdery/291123.jpg,miniatura_robocza,
291161,Sylvania,,sylvania,Sylvania,37,Sylvania,,fotki/placeholdery/291161.jpg,miniatura_robocza,
291208,Sylvania,,sylvania,Sylvania,38,Sylvania,,fotki/placeholdery/291208.jpg,miniatura_robocza,
292175,Sylvania,,sylvania,Sylvania,39,Sylvania,,fotki/placeholdery/292175.jpg,miniatura_robocza,
292212,Sylvania,,sylvania,Sylvania,40,Sylvania,,fotki/placeholdery/292212.jpg,miniatura_robocza,
292250,Sylvania,,sylvania,Sylvania,41,Sylvania,,fotki/placeholdery/292250.jpg,miniatura_robocza,
29661,Sylvania,,sylvania,Sylvania,42,Sylvania,,fotki/placeholdery/29661.jpg,miniatura_robocza,
